coddistrit,codbarrio,coddistbar,nombre,airbnb_total,airbnb_vivienda_completa,airbnb_habitacion_privada,precio_medio_airbnb,disponibilidad_media,resenas_media,host_listings_medio
11,2,112,CABANYAL-CANYAMELAR,750,642,108,204.25663716814145,176.1640000000002,58.41733333333358,7.633333333333338
2,1,021,RUSSAFA,565,440,114,138.03386454183266,170.09734513274336,57.387610619468795,19.86902654867259
12,1,121,AIORA,349,274,75,164.59874608150452,174.13180515759313,46.29226361031529,14.521489971346721
1,5,015,EL MERCAT,291,252,38,150.5467289719626,196.27835051546393,81.33333333333324,19.302405498281775
10,1,101,MONTOLIVET,284,220,63,105.23966942148759,179.42253521126764,47.40845070422541,16.683098591549285
11,1,111,EL GRAU,283,220,62,185.4053030303026,203.2473498233215,28.031802120141265,13.180212014134279
1,3,013,EL CARME,273,255,18,207.58620689655152,173.3003663003663,81.80219780219767,9.15018315018315
11,3,113,LA MALVA-ROSA,258,193,65,157.9276595744681,195.9418604651162,44.08527131782932,7.13953488372093
1,6,016,SANT FRANCESC,245,176,69,161.46153846153842,185.2408163265306,79.3020408163265,13.39591836734694
10,2,102,EN CORTS,230,165,62,88.01886792452831,167.07826086956524,46.530434782608765,14.621739130434788
3,4,034,ARRANCAPINS,209,148,60,101.6875,178.97607655502392,59.80382775119632,15.751196172248811
1,1,011,LA SEU,193,171,22,135.20114942528735,191.62176165803106,95.79274611398952,13.383419689119165
3,2,032,LA ROQUETA,173,123,49,138.2420382165605,186.6242774566474,76.50289017341044,12.786127167630056
7,1,071,NOU MOLES,165,93,72,142.66447368421055,172.14545454545456,28.412121212121168,4.654545454545453
1,4,014,EL PILAR,144,131,12,127.96842105263158,178.22222222222226,79.5972222222222,13
9,1,091,LA RAIOSA,144,110,34,110.5275590551181,215.31944444444446,31.4375,15.347222222222218
3,1,031,EL BOTANIC,141,120,21,196.1287878787878,195.79432624113474,73.9929078014185,13.97872340425531
1,2,012,LA XEREA,138,89,48,132.5496183206107,183.13043478260866,96.59420289855063,18.369565217391305
12,3,123,LA CREU DEL GRAU,133,94,39,98.72268907563026,184.94736842105263,59.368421052631504,9.67669172932331
5,2,052,MORVEDRE,133,110,23,128.92307692307693,208.16541353383457,41.09022556390973,13.195488721804512
16,1,161,BENICALAP,128,84,44,408.9824561403507,195.78125,17.453125,14.2265625
8,1,081,PATRAIX,123,92,31,167.53913043478278,193.52845528455285,47.98373983739836,11.16260162601626
3,3,033,LA PETXINA,114,94,20,115.96190476190476,198.7543859649123,54.64035087719301,15.991228070175435
10,7,107,CIUTAT DE LES ARTS I DE LES CIENCIES,106,89,17,184.45263157894738,156.17924528301887,48.27358490566043,25.77358490566038
12,2,122,ALBORS,100,67,33,116.4516129032258,169.73,23.33999999999999,11.040000000000003
13,2,132,CIUTAT JARDI,100,51,49,96.71910112359552,191.87999999999994,38.19999999999997,8.739999999999998
6,2,062,MESTALLA,98,61,37,211.45348837209292,166.85714285714283,51.71428571428568,9.459183673469388
12,5,125,PENYA-ROJA,96,76,20,383.8977272727273,193.67708333333331,37.072916666666636,17.9375
11,5,115,NATZARET,92,71,21,432.1818181818176,231.58695652173913,39.46739130434784,10.380434782608699
11,4,114,BETERO,89,44,45,96.71951219512194,200,18.74157303370788,8.382022471910112
13,3,133,L'AMISTAT,76,40,36,81.54285714285714,199.40789473684214,29.60526315789476,12.97368421052632
14,1,141,BENIMACLET,74,40,34,90.87096774193549,180.55405405405403,25.72972972972974,9.25675675675676
10,5,105,NA ROVELLA,73,42,31,218.7049180327869,169.4931506849315,43.34246575342464,9.136986301369864
2,3,023,LA GRAN VIA,71,44,27,139.26153846153844,190.71830985915494,59.22535211267603,9.309859154929578
15,2,152,TORREFIEL,70,31,39,67.23809523809524,211.82857142857142,27.228571428571453,5.028571428571429
10,3,103,MALILLA,68,45,23,99.12068965517241,188.5,20,11.5
13,1,131,L'ILLA PERDUDA,64,32,32,80.17647058823529,154.390625,30.4375,8.484375
13,5,135,LA CARRASCA,62,36,22,118.06122448979593,159.70967741935482,27.43548387096776,8.03225806451613
19,4,194,EL SALER,61,56,5,791.881355932203,258.5901639344262,23.262295081967217,6.672131147540984
15,1,151,ELS ORRIOLS,58,29,29,73.75925925925927,202.82758620689657,18.86206896551724,8
5,4,054,TORMOS,56,36,20,84.82,182.25,34.41071428571427,9.160714285714286
9,2,092,L'HORT DE SENABRE,56,17,39,103.0204081632653,193.07142857142858,50.928571428571445,5.696428571428573
4,2,042,LES TENDETES,52,31,21,81.2127659574468,201.8846153846154,48.65384615384614,6.846153846153846
12,4,124,CAMI FONDO,51,29,22,540.0465116279072,162.33333333333334,48.90196078431374,6.313725490196079
2,2,022,EL PLA DEL REMEI,50,31,19,194.20408163265307,214.6,73.06000000000004,8.379999999999999
5,1,051,MARXALENES,49,31,17,83.80952380952381,147.6122448979592,45.26530612244901,3.632653061224491
5,3,053,TRINITAT,46,34,12,100.6046511627907,185.69565217391306,31.391304347826082,25.8695652173913
5,5,055,SANT ANTONI,45,29,16,338.33333333333337,181.22222222222223,25.733333333333324,20.66666666666666
4,1,041,CAMPANAR,42,31,11,83.41463414634146,211.54761904761904,27.928571428571416,10.5
10,6,106,LA PUNTA,41,29,12,99.08571428571429,207.92682926829266,17.609756097560968,5.487804878048781
9,4,094,SANT MARCEL.LI,41,17,24,60.736842105263165,170.73170731707316,39.463414634146346,5.341463414634146
18,1,181,BENIMAMET,39,20,19,88.42424242424242,207.84615384615387,17.41025641025641,3.7692307692307687
13,4,134,LA VEGA BAIXA,38,25,13,101.25714285714285,190.57894736842104,21.921052631578938,12.68421052631579
19,6,196,EL PERELLONET,34,33,1,131.10714285714286,224.79411764705884,21.76470588235295,1.4705882352941178
15,3,153,SANT LLORENS,31,22,9,86.03448275862068,174.80645161290323,115.22580645161288,6.967741935483871
4,4,044,SANT PAU,30,24,6,119.57692307692307,189.93333333333334,94.96666666666664,7.8999999999999995
6,1,061,EXPOSICIO,27,18,9,112.08333333333334,93.48148148148148,102.18518518518516,7.814814814814815
7,3,073,TRES FORQUES,27,11,16,63.23076923076923,227.07407407407408,45.29629629629629,3.555555555555555
7,2,072,SOTERNES,26,19,7,101.1304347826087,201.92307692307693,14.192307692307693,12.115384615384617
8,4,084,SAFRANAR,25,20,5,164.625,246.52,13.64,9.72
9,5,095,CAMI REAL,25,11,14,61.95454545454545,290.08,35.08000000000001,15.040000000000004
16,2,162,CIUTAT FALLERA,18,11,7,86.88235294117646,215.55555555555554,8.222222222222221,7.722222222222222
19,3,193,PINEDO,17,16,1,1778.75,225.88235294117646,19.470588235294116,10.764705882352942
6,3,063,JAUME ROIG,16,12,4,120.07142857142857,176.875,17.0625,7.375
9,3,093,LA CREU COBERTA,16,5,11,59.86666666666666,216.5625,12.875,2.8125
6,4,064,CIUTAT UNIVERSITARIA,15,10,5,89.21428571428571,134.2,4.2,28.4
10,4,104,LA FONTETA S.LLUIS,12,9,3,89.0909090909091,233.66666666666666,31.25,14.833333333333334
18,2,182,BENIFERRI,12,8,4,100.33333333333333,224.91666666666666,55.91666666666667,5.416666666666666
8,5,085,FAVARA,12,5,7,77.25,226.58333333333331,57.5,5.5
4,3,043,EL CALVARI,10,6,4,72,187.9,33.6,1.6
8,3,083,VARA DE QUART,10,6,4,99.44444444444444,148.5,28.5,9.1
7,4,074,LA FONTSANTA,9,3,6,57.55555555555556,172.11111111111111,60.66666666666667,2.888888888888889
14,2,142,CAMI DE VERA,7,4,3,111.33333333333333,200.71428571428572,17.571428571428573,2.8571428571428568
8,2,082,SANT ISIDRE,7,2,5,63,240.85714285714286,35.71428571428571,12.714285714285714
7,5,075,LA LLUM,6,4,2,72.83333333333333,106.33333333333334,67.33333333333334,1.6666666666666667
19,7,197,LA TORRE,5,2,3,73.8,266.2,3.8,1.2
19,2,192,CASTELLAR-L'OLIVERAL,4,4,0,66.75,178.5,10,1
17,2,172,POBLE NOU,2,0,2,35,316.5,0,1
17,3,173,CARPESA,2,2,0,360,46,12.5,1
17,6,176,MASSARROJOS,2,1,1,100.5,220.5,53.5,1
19,1,191,EL FORN D'ALCEDO,2,2,0,71,321.5,68.5,1
19,5,195,EL PALMAR,2,0,2,36,78.5,49.5,2
17,5,175,MAHUELLA-TAULADELLA,1,1,0,150,279,28,1
17,7,177,BORBOTO,1,1,0,68,82,12,1
19,8,198,FAITANAR,1,0,1,178,179,0,1
