coddistrit,codbarrio,coddistbar,nombre,area_m2,area_km2,airbnb_total,airbnb_vivienda_completa,airbnb_habitacion_privada,precio_medio_airbnb,disponibilidad_media,resenas_media,host_listings_medio,airbnb_por_km2,vivienda_completa_por_km2,poblacion_2024,archivo,airbnb_por_1000_hab,vivienda_completa_por_1000_hab,densidad_poblacion
9,3,093,LA CREU COBERTA,374885.4482597541,0.3748854482597541,16,5,11,59.86666666666666,216.5625,12.875,2.8125,42.67970409167168,13.3374075286474,6099,Distrito_09_Barrio_3.xlsx,2.623380882111822,0.8198065256599443,16268.9697034441
10,4,104,LA FONTETA S.LLUIS,238824.41832271105,0.23882441832271104,12,9,3,89.0909090909091,233.66666666666666,31.25,14.833333333333334,50.246118400611046,37.68458880045828,3186,Distrito_10_Barrio_4.xlsx,3.766478342749529,2.824858757062147,13340.344435362233
17,5,175,RAFALELL-VISTABELLA,2124468.7953190277,2.1244687953190278,0,0,0,NA,NA,NA,NA,0,0,59,Distrito_17_Barrio_5.xlsx,0,0,27.771648202128606
14,2,142,CAMI DE VERA,827031.9850545083,0.8270319850545084,7,4,3,111.33333333333333,200.71428571428572,17.571428571428573,2.8571428571428568,8.464001545887783,4.836572311935876,5276,Distrito_14_Barrio_2.xlsx,1.326762699014405,0.7581501137225171,6379.43887944342
18,1,181,BENIMAMET,1477191.5686168238,1.4771915686168238,39,20,19,88.42424242424242,207.84615384615387,17.41025641025641,3.7692307692307687,26.401450447295648,13.53920535758751,14012,Distrito_18_Barrio_1.xlsx,2.7833285755067085,1.4273479874393378,9485.56727352581
18,2,182,BENIFERRI,533945.5579802124,0.5339455579802124,12,8,4,100.33333333333333,224.91666666666666,55.91666666666667,5.416666666666666,22.47420138748436,14.982800924989574,1249,Distrito_18_Barrio_2.xlsx,9.607686148919134,6.405124099279423,2339.1897944139973
19,5,195,EL PALMAR,36961639.71904965,36.96163971904965,2,0,2,36,78.5,49.5,2,0.054110153532209784,0,750,Distrito_19_Barrio_5.xlsx,2.6666666666666665,0,20.29130757457867
19,4,194,EL SALER,8247660.455507244,8.247660455507244,61,56,5,791.881355932203,258.5901639344262,23.262295081967217,6.672131147540984,7.396036770556942,6.789804248380144,1956,Distrito_19_Barrio_4.xlsx,31.186094069529656,28.629856850715747,237.1581626755636
19,6,196,EL PERELLONET,4928204.351112758,4.928204351112758,34,33,1,131.10714285714286,224.79411764705884,21.76470588235295,1.4705882352941178,6.899064563408985,6.69615089977931,1515,Distrito_19_Barrio_6.xlsx,22.442244224422442,21.78217821782178,307.4142003989592
16,2,162,CIUTAT FALLERA,496907.7422953018,0.4969077422953018,18,11,7,86.88235294117646,215.55555555555554,8.222222222222221,7.722222222222222,36.22402805972578,22.136906036499088,6236,Distrito_16_Barrio_2.xlsx,2.886465683130212,1.7639512508017958,12549.613276691665
17,3,173,CARPESA,2255540.2317201127,2.2555402317201128,2,2,0,360,46,12.5,1,0.8867055315057566,0.8867055315057566,1220,Distrito_17_Barrio_3.xlsx,1.639344262295082,1.639344262295082,540.8903742185115
17,7,177,BORBOTO,1419590.7270891634,1.4195907270891635,1,1,0,68,82,12,1,0.704428382714556,0.704428382714556,739,Distrito_17_Barrio_7.xlsx,1.3531799729364007,1.3531799729364007,520.5725748260569
17,1,171,BENIFARAIG,1422068.436208297,1.422068436208297,0,0,0,NA,NA,NA,NA,0,0,1008,Distrito_17_Barrio_1.xlsx,0,0,708.8266459859416
15,2,152,TORREFIEL,700270.6128917969,0.7002706128917968,70,31,39,67.23809523809524,211.82857142857142,27.228571428571453,5.028571428571429,99.96135595485303,44.26860049429206,27233,Distrito_15_Barrio_2.xlsx,2.57041089854221,1.1383248264972643,38889.251524550185
5,4,054,TORMOS,279948.99563785933,0.27994899563785935,56,36,20,84.82,182.25,34.41071428571427,9.160714285714286,200.0364383247916,128.59485320879458,8870,Distrito_05_Barrio_4.xlsx,6.313416009019166,4.058624577226606,31684.342998944667
5,1,051,MARXALENES,390362.4699823598,0.3903624699823598,49,31,17,83.80952380952381,147.6122448979592,45.26530612244901,3.632653061224491,125.52436201721511,79.41337188844221,11158,Distrito_05_Barrio_1.xlsx,4.391468005018821,2.77827567664456,28583.690436491557
4,3,043,EL CALVARI,93681.62331591742,0.09368162331591741,10,6,4,72,187.9,33.6,1.6,106.74452092143565,64.0467125528614,5195,Distrito_04_Barrio_3.xlsx,1.9249278152069298,1.1549566891241578,55453.77861868582
5,2,052,MORVEDRE,428181.3657313327,0.4281813657313327,133,110,23,128.92307692307693,208.16541353383457,41.09022556390973,13.195488721804512,310.6160394739186,256.9004837754214,10301,Distrito_05_Barrio_2.xlsx,12.911367828366178,10.6785748956412,24057.562576096505
5,3,053,TRINITAT,595674.0651732377,0.5956740651732377,46,34,12,100.6046511627907,185.69565217391306,31.391304347826082,25.8695652173913,77.223439275675,57.078194247238045,8082,Distrito_05_Barrio_3.xlsx,5.691660480079189,4.206879485275922,13567.822526652291
1,3,013,EL CARME,384064.65510746243,0.3840646551074624,273,255,18,207.58620689655152,173.3003663003663,81.80219780219767,9.15018315018315,710.8178177021101,663.9507088426303,7161,Distrito_01_Barrio_3.xlsx,38.12316715542522,35.609551738583995,18645.298141263043
3,1,031,EL BOTANIC,370112.97129240143,0.37011297129240145,141,120,21,196.1287878787878,195.79432624113474,73.9929078014185,13.97872340425531,380.9647619418487,324.22532931221167,6883,Distrito_03_Barrio_1.xlsx,20.485253523173036,17.434258317594075,18597.024513799606
6,1,061,EXPOSICIO,381606.8171347477,0.3816068171347477,27,18,9,112.08333333333334,93.48148148148148,102.18518518518516,7.814814814814815,70.75345299836752,47.16896866557835,6941,Distrito_06_Barrio_1.xlsx,3.8899294049848723,2.5932862699899153,18188.87841709885
1,2,012,LA XEREA,311647.88954017474,0.31164788954017475,138,89,48,132.5496183206107,183.13043478260866,96.59420289855063,18.369565217391305,442.807426687901,285.5787027190086,4137,Distrito_01_Barrio_2.xlsx,33.35750543872371,21.51317379743776,13274.59655223077
1,5,015,EL MERCAT,172793.9725686149,0.1727939725686149,291,252,38,150.5467289719626,196.27835051546393,81.33333333333324,19.302405498281775,1684.0865203469211,1458.3842031870245,4034,Distrito_01_Barrio_5.xlsx,72.13683688646505,62.46901338621715,23345.721728795463
1,4,014,EL PILAR,161605.10750378703,0.16160510750378704,144,131,12,127.96842105263158,178.22222222222226,79.5972222222222,13,891.0609461809586,810.6179440951776,5352,Distrito_01_Barrio_4.xlsx,26.90582959641256,24.476831091180866,33117.765166392295
2,2,022,EL PLA DEL REMEI,386915.32038423524,0.38691532038423526,50,31,19,194.20408163265307,214.6,73.06000000000004,8.379999999999999,129.22724266991116,80.12089045534493,7240,Distrito_02_Barrio_2.xlsx,6.906077348066298,4.281767955801104,18712.10473860314
13,1,131,L'ILLA PERDUDA,231522.07974505718,0.23152207974505717,64,32,32,80.17647058823529,154.390625,30.4375,8.484375,276.4315181967708,138.2157590983854,8453,Distrito_13_Barrio_1.xlsx,7.571276469892346,3.785638234946173,36510.556614332876
3,4,034,ARRANCAPINS,874368.7348052277,0.8743687348052277,209,148,60,101.6875,178.97607655502392,59.80382775119632,15.751196172248811,239.02958978348687,169.2649726696462,23354,Distrito_03_Barrio_4.xlsx,8.949216408324057,6.337244155176843,26709.555214371063
3,2,032,LA ROQUETA,230567.01694205485,0.23056701694205484,173,123,49,138.2420382165605,186.6242774566474,76.50289017341044,12.786127167630056,750.324145640821,533.4674561492543,5018,Distrito_03_Barrio_2.xlsx,34.475886807493026,24.511757672379435,21763.73735737364
9,1,091,LA RAIOSA,375446.3124778043,0.3754463124778043,144,110,34,110.5275590551181,215.31944444444446,31.4375,15.347222222222218,383.5435193108016,292.98463280686235,15968,Distrito_09_Barrio_1.xlsx,9.01803607214429,6.88877755511022,42530.71469690889
8,4,084,SAFRANAR,441263.43054364156,0.44126343054364153,25,20,5,164.625,246.52,13.64,9.72,56.65549934468786,45.32439947575029,10452,Distrito_08_Barrio_4.xlsx,2.391886720244929,1.9135093761959434,23686.5311660271
15,3,153,SANT LLORENS,1532591.2397553106,1.5325912397553105,31,22,9,86.03448275862068,174.80645161290323,115.22580645161288,6.967741935483871,20.227180735386025,14.354773425112661,11414,Distrito_15_Barrio_3.xlsx,2.7159628526371122,1.927457508323112,7447.517448828906
10,2,102,EN CORTS,364024.3523460367,0.3640243523460367,230,165,62,88.01886792452831,167.07826086956524,46.530434782608765,14.621739130434788,631.8258614230431,453.2663788469657,12222,Distrito_10_Barrio_2.xlsx,18.81852397316315,13.500245459008346,33574.67686222797
10,3,103,MALILLA,2507152.123675018,2.5071521236750183,68,45,23,99.12068965517241,188.5,20,11.5,27.12240687666158,17.94865160955546,24924,Distrito_10_Barrio_3.xlsx,2.728294013801958,1.805488685604237,9941.159838145782
6,3,063,JAUME ROIG,187100.23136619513,0.18710023136619514,16,12,4,120.07142857142857,176.875,17.0625,7.375,85.51566122162929,64.13674591622195,6532,Distrito_06_Barrio_3.xlsx,2.449479485609308,1.837109614206981,34911.768693730155
14,1,141,BENIMACLET,751257.2569342173,0.7512572569342173,74,40,34,90.87096774193549,180.55405405405403,25.72972972972974,9.25675675675676,98.50154433380695,53.244078018274024,23265,Distrito_14_Barrio_1.xlsx,3.1807436062755214,1.7193208682570384,30968.086877378628
6,4,064,CIUTAT UNIVERSITARIA,273850.4662693986,0.2738504662693986,15,10,5,89.21428571428571,134.2,4.2,28.4,54.77441833253572,36.51627888835715,2802,Distrito_06_Barrio_4.xlsx,5.353319057815845,3.5688793718772303,10231.861344517672
16,1,161,BENICALAP,1718922.8359986302,1.7189228359986302,128,84,44,408.9824561403507,195.78125,17.453125,14.2265625,74.46523911332923,48.86781316812231,43916,Distrito_16_Barrio_1.xlsx,2.914655250933601,1.9127425084251752,25548.5581320388
5,5,055,SANT ANTONI,249871.47948870313,0.24987147948870314,45,29,16,338.33333333333337,181.22222222222223,25.733333333333324,20.66666666666666,180.09258236306428,116.05966418953032,9972,Distrito_05_Barrio_5.xlsx,4.512635379061372,2.908142799839551,39908.51625165505
6,2,062,MESTALLA,843726.1675442585,0.8437261675442586,98,61,37,211.45348837209292,166.85714285714283,51.71428571428568,9.459183673469388,116.1514289467137,72.29833842601566,14745,Distrito_06_Barrio_2.xlsx,6.646320786707359,4.136995591726008,17476.049181829523
12,2,122,ALBORS,255654.9789699685,0.2556549789699685,100,67,33,116.4516129032258,169.73,23.33999999999999,11.040000000000003,391.1521708002678,262.0719544361794,9136,Distrito_12_Barrio_2.xlsx,10.945709281961472,7.333625218914185,35735.66232431246
13,3,133,L'AMISTAT,208612.29717740626,0.20861229717740626,76,40,36,81.54285714285714,199.40789473684214,29.60526315789476,12.97368421052632,364.3121763592332,191.7432507153859,7123,Distrito_13_Barrio_3.xlsx,10.669661659413169,5.615611399691142,34144.679371142345
11,4,114,BETERO,267236.9832994618,0.26723698329946177,89,44,45,96.71951219512194,200,18.74157303370788,8.382022471910112,333.03773639843826,164.64786968012677,7935,Distrito_11_Barrio_4.xlsx,11.216131064902331,5.5450535601764335,29692.74649799559
11,2,112,CABANYAL-CANYAMELAR,1349868.9421881519,1.3498689421881518,750,642,108,204.25663716814145,176.1640000000002,58.41733333333358,7.633333333333338,555.6094940478015,475.60172690491805,19429,Distrito_11_Barrio_2.xlsx,38.60208965978692,33.0433887487776,14393.24914647298
13,5,135,LA CARRASCA,1945697.4724345678,1.9456974724345677,62,36,22,118.06122448979593,159.70967741935482,27.43548387096776,8.03225806451613,31.865179905086716,18.50236252553422,3301,Distrito_13_Barrio_5.xlsx,18.782187215995155,10.90578612541654,1696.5638526885684
11,3,113,LA MALVA-ROSA,732988.1537946075,0.7329881537946075,258,193,65,157.9276595744681,195.9418604651162,44.08527131782932,7.13953488372093,351.9838603998706,263.3057560355621,13135,Distrito_11_Barrio_3.xlsx,19.64217738865626,14.693566806242861,17919.79847423372
13,4,134,LA VEGA BAIXA,190570.78441742316,0.19057078441742314,38,25,13,101.25714285714285,190.57894736842104,21.921052631578938,12.68421052631579,199.40097384898945,131.18485121644042,5467,Distrito_13_Barrio_4.xlsx,6.95079568319005,4.572891896835559,28687.503264011193
12,1,121,AIORA,651351.6602006117,0.6513516602006116,349,274,75,164.59874608150452,174.13180515759313,46.29226361031529,14.521489971346721,535.8088745678648,420.66370095012877,24902,Distrito_12_Barrio_1.xlsx,14.014938559151876,11.003132278531846,38231.26817905148
13,2,132,CIUTAT JARDI,363905.82833210623,0.3639058283321062,100,51,49,96.71910112359552,191.87999999999994,38.19999999999997,8.739999999999998,274.7963682206772,140.14614779254538,11922,Distrito_13_Barrio_2.xlsx,8.387854386847843,4.2778057372924,32761.223019269135
11,5,115,NATZARET,916438.78083955,0.91643878083955,92,71,21,432.1818181818176,231.58695652173913,39.46739130434784,10.380434782608699,100.38859324102233,77.47380565339768,6413,Distrito_11_Barrio_5.xlsx,14.345859971932013,11.071261500077966,6997.739657116046
10,6,106,LA PUNTA,6213241.077260854,6.213241077260854,41,29,12,99.08571428571429,207.92682926829266,17.609756097560968,5.487804878048781,6.59881042601925,4.6674512769404455,3441,Distrito_10_Barrio_6.xlsx,11.915140947399012,8.427782621331009,553.8172359983473
11,1,111,EL GRAU,5231981.52243779,5.23198152243779,283,220,62,185.4053030303026,203.2473498233215,28.031802120141265,13.180212014134279,54.09040509534119,42.04907816598962,9931,Distrito_11_Barrio_1.xlsx,28.496626724398347,22.152854697412145,1898.1336148474677
2,1,021,RUSSAFA,876743.8001218523,0.8767438001218523,565,440,114,138.03386454183266,170.09734513274336,57.387610619468795,19.86902654867259,644.4299918875671,501.8569848327956,25100,Distrito_02_Barrio_1.xlsx,22.50996015936255,17.52988047808765,28628.659816598112
2,3,023,LA GRAN VIA,467115.8046265851,0.4671158046265851,71,44,27,139.26153846153844,190.71830985915494,59.22535211267603,9.309859154929578,151.996569794417,94.1950573373852,12291,Distrito_02_Barrio_3.xlsx,5.776584492718249,3.579855178585957,26312.532948495485
10,1,101,MONTOLIVET,474699.4605439377,0.4746994605439377,284,220,63,105.23966942148759,179.42253521126764,47.40845070422541,16.683098591549285,598.273273103316,463.4511270518645,19845,Distrito_10_Barrio_1.xlsx,14.310909549004787,11.085915847820608,41805.39825611023
7,4,074,LA FONTSANTA,322999.2187304082,0.32299921873040816,9,3,6,57.55555555555556,172.11111111111111,60.66666666666667,2.888888888888889,27.863844486608077,9.287948162202692,3866,Distrito_07_Barrio_4.xlsx,2.3279875840662183,0.7759958613554061,11969.069198358537
8,3,083,VARA DE QUART,1034606.336223765,1.034606336223765,10,6,4,99.44444444444444,148.5,28.5,9.1,9.665512040549881,5.7993072243299295,10199,Distrito_08_Barrio_3.xlsx,0.9804882831650162,0.5882929698990097,9857.855730156825
8,1,081,PATRAIX,621303.1273618384,0.6213031273618383,123,92,31,167.53913043478278,193.52845528455285,47.98373983739836,11.16260162601626,197.9709977032942,148.07586820083793,24613,Distrito_08_Barrio_1.xlsx,4.99735911916467,3.73786210539146,39615.12330464374
7,3,073,TRES FORQUES,526794.3471971264,0.5267943471971264,27,11,16,63.23076923076923,227.07407407407408,45.29629629629629,3.555555555555555,51.2533973526041,20.881013736246114,10164,Distrito_07_Barrio_3.xlsx,2.656434474616293,1.0822510822510822,19294.056692291408
7,1,071,NOU MOLES,739498.797994945,0.739498797994945,165,93,72,142.66447368421055,172.14545454545456,28.412121212121168,4.654545454545453,223.12409492398916,125.76085350261208,27351,Distrito_07_Barrio_1.xlsx,6.032686190632884,3.400241307447625,36985.86133494562
7,2,072,SOTERNES,224341.3084951975,0.2243413084951975,26,19,7,101.1304347826087,201.92307692307693,14.192307692307693,12.115384615384617,115.8948397617846,84.69238290284258,5095,Distrito_07_Barrio_2.xlsx,5.103042198233562,3.7291462217860647,22710.93109947279
7,5,075,LA LLUM,175203.52324667113,0.17520352324667113,6,4,2,72.83333333333333,106.33333333333334,67.33333333333334,1.6666666666666667,34.24588666263594,22.830591108423956,4998,Distrito_07_Barrio_5.xlsx,1.2004801920768307,0.8003201280512205,28526.823589975735
4,4,044,SANT PAU,3898034.390276014,3.8980343902760137,30,24,6,119.57692307692307,189.93333333333334,94.96666666666664,7.8999999999999995,7.696186589537951,6.156949271630361,18679,Distrito_04_Barrio_4.xlsx,1.606081696022271,1.2848653568178168,4791.9023101993125
3,3,033,LA PETXINA,496771.74395523954,0.49677174395523954,114,94,20,115.96190476190476,198.7543859649123,54.64035087719301,15.991228070175435,229.48165105435567,189.22171227288976,15388,Distrito_03_Barrio_3.xlsx,7.408370158565116,6.108656095658955,30975.996898459867
4,1,041,CAMPANAR,987768.1881410896,0.9877681881410896,42,31,11,83.41463414634146,211.54761904761904,27.928571428571416,10.5,42.52009783696421,31.383881736806917,11633,Distrito_04_Barrio_1.xlsx,3.610418636637153,2.664832803232184,11777.054717557254
4,2,042,LES TENDETES,258172.4601351728,0.2581724601351728,52,31,21,81.2127659574468,201.8846153846154,48.65384615384614,6.846153846153846,201.4157512105438,120.07477476013187,5410,Distrito_04_Barrio_2.xlsx,9.611829944547136,5.730129390018484,20954.984885558497
9,5,095,CAMI REAL,1477562.794473131,1.4775627944731309,25,11,14,61.95454545454545,290.08,35.08000000000001,15.040000000000004,16.919754675410932,7.44469205718081,3960,Distrito_09_Barrio_5.xlsx,6.313131313131313,2.7777777777777777,2680.0891405850916
8,5,085,FAVARA,280212.60750916944,0.28021260750916943,12,5,7,77.25,226.58333333333331,57.5,5.5,42.82462558222803,17.843593992595014,3709,Distrito_08_Barrio_5.xlsx,3.2353734160150984,1.3480722566729577,13236.37802370698
8,2,082,SANT ISIDRE,495138.9013611061,0.49513890136110605,7,2,5,63,240.85714285714286,35.71428571428571,12.714285714285714,14.137447049216766,4.039270585490504,10444,Distrito_08_Barrio_2.xlsx,0.6702412868632708,0.19149751053236308,21093.070997431416
9,2,092,L'HORT DE SENABRE,426389.116475561,0.426389116475561,56,17,39,103.0204081632653,193.07142857142858,50.928571428571445,5.696428571428573,131.33543478521153,39.86968555979635,17225,Distrito_09_Barrio_2.xlsx,3.251088534107402,0.9869375907111755,40397.372574558365
12,4,124,CAMI FONDO,158578.63021227167,0.15857863021227167,51,29,22,540.0465116279072,162.33333333333334,48.90196078431374,6.313725490196079,321.60701559681746,182.87457749622953,4589,Distrito_12_Barrio_4.xlsx,11.113532359991284,6.319459577249945,28938.325383799907
10,5,105,NA ROVELLA,536476.17898078,0.5364761789807799,73,42,31,218.7049180327869,169.4931506849315,43.34246575342464,9.136986301369864,136.07314333823447,78.28865781103902,7628,Distrito_10_Barrio_5.xlsx,9.57000524383849,5.506030414263241,14218.71147101442
12,5,125,PENYA-ROJA,907401.2936276913,0.9074012936276913,96,76,20,383.8977272727273,193.67708333333331,37.072916666666636,17.9375,105.7966311864098,83.75566635590776,13706,Distrito_12_Barrio_5.xlsx,7.004231723332847,5.545016780971838,15104.673198343049
12,3,123,LA CREU DEL GRAU,390193.14269556286,0.3901931426955629,133,94,39,98.72268907563026,184.94736842105263,59.368421052631504,9.67669172932331,340.8568358767121,240.90633513090933,15120,Distrito_12_Barrio_3.xlsx,8.796296296296298,6.216931216931217,38750.040289142016
10,7,107,CIUTAT DE LES ARTS I DE LES CIENCIES,992883.6232476042,0.9928836232476043,106,89,17,184.45263157894738,156.17924528301887,48.27358490566043,25.77358490566038,106.75974254997439,89.63789704667661,9020,Distrito_10_Barrio_7.xlsx,11.751662971175167,9.866962305986696,9084.649790573292
17,2,172,POBLE NOU,2930957.662354145,2.930957662354145,2,0,2,35,316.5,0,1,0.6823708256480239,0,960,Distrito_17_Barrio_2.xlsx,2.0833333333333335,0,327.5379963110515
17,4,174,LES CASES DE BARCENA,1201023.3519543184,1.2010233519543183,0,0,0,NA,NA,NA,NA,0,0,377,Distrito_17_Barrio_4.xlsx,0,0,313.8989757247779
17,5,175,MAHUELLA-TAULADELLA,1043066.1378114894,1.0430661378114894,1,1,0,150,279,28,1,0.9587119778407833,0.9587119778407833,59,Distrito_17_Barrio_5.xlsx,16.949152542372882,16.949152542372882,56.56400669260621
19,3,193,PINEDO,6526456.361907716,6.526456361907716,17,16,1,1778.75,225.88235294117646,19.470588235294116,10.764705882352942,2.60478260441947,2.4515600982771484,2640,Distrito_19_Barrio_3.xlsx,6.4393939393939394,6.0606060606060606,404.5074162157295
17,6,176,MASSARROJOS,2781900.805721821,2.7819008057218206,2,1,1,100.5,220.5,53.5,1,0.718932895050174,0.359466447525087,2646,Distrito_17_Barrio_6.xlsx,0.7558578987150416,0.3779289493575208,951.1482201513801
19,8,198,FAITANAR,4902501.464250227,4.902501464250228,1,0,1,178,179,0,1,0.203977501545313,0,2065,Distrito_19_Barrio_8.xlsx,0.48426150121065376,0,421.21354069107133
19,2,192,CASTELLAR-L'OLIVERAL,2989701.201433393,2.9897012014333932,4,4,0,66.75,178.5,10,1,1.337926344640135,1.337926344640135,6913,Distrito_19_Barrio_2.xlsx,0.5786199913207002,0.5786199913207002,2312.2712051243134
19,1,191,EL FORN D'ALCEDO,1200882.3882610446,1.2008823882610447,2,2,0,71,321.5,68.5,1,1.6654420279209268,1.6654420279209268,1368,Distrito_19_Barrio_1.xlsx,1.461988304093567,1.461988304093567,1139.1623470979139
19,7,197,LA TORRE,419523.01196336676,0.4195230119633668,5,2,3,73.8,266.2,3.8,1.2,11.918297345835716,4.767318938334287,4836,Distrito_19_Barrio_7.xlsx,1.0339123242349049,0.41356492969396197,11527.377192892305
1,6,016,SANT FRANCESC,438655.2915736528,0.43865529157365285,245,176,69,161.46153846153842,185.2408163265306,79.3020408163265,13.39591836734694,558.5251214480403,401.22620969328614,6073,Distrito_01_Barrio_6.xlsx,40.34249958834184,28.98073439815577,13844.583928791628
9,4,094,SANT MARCEL.LI,330435.4606060426,0.33043546060604256,41,17,24,60.736842105263165,170.73170731707316,39.463414634146346,5.341463414634146,124.07869277953108,51.44726285980557,10330,Distrito_09_Barrio_4.xlsx,3.969022265246854,1.6456921587608906,31261.777961281856
15,1,151,ELS ORRIOLS,396738.1735271384,0.3967381735271384,58,29,29,73.75925925925927,202.82758620689657,18.86206896551724,8,146.19213342734355,73.09606671367177,18056,Distrito_15_Barrio_1.xlsx,3.212228622064688,1.606114311032344,45511.123468346814
1,1,011,LA SEU,221072.59766128284,0.22107259766128284,193,171,22,135.20114942528735,191.62176165803106,95.79274611398952,13.383419689119165,873.0163848515755,773.5015637804114,3245,Distrito_01_Barrio_1.xlsx,59.47611710323575,52.69645608628659,14678.436107996697
