nombre,poblacion_2024,airbnb_total,airbnb_vivienda_completa,airbnb_por_1000_hab,vivienda_completa_por_1000_hab
EL MERCAT,4034,291,252,72.13683688646505,62.46901338621715
LA SEU,3245,193,171,59.47611710323575,52.69645608628659
SANT FRANCESC,6073,245,176,40.34249958834184,28.98073439815577
CABANYAL-CANYAMELAR,19429,750,642,38.60208965978692,33.0433887487776
EL CARME,7161,273,255,38.12316715542522,35.609551738583995
LA ROQUETA,5018,173,123,34.475886807493026,24.511757672379435
LA XEREA,4137,138,89,33.35750543872371,21.51317379743776
EL SALER,1956,61,56,31.186094069529656,28.629856850715747
EL GRAU,9931,283,220,28.496626724398347,22.152854697412145
EL PILAR,5352,144,131,26.90582959641256,24.476831091180866
RUSSAFA,25100,565,440,22.50996015936255,17.52988047808765
EL PERELLONET,1515,34,33,22.442244224422442,21.78217821782178
EL BOTANIC,6883,141,120,20.485253523173036,17.434258317594075
LA MALVA-ROSA,13135,258,193,19.64217738865626,14.693566806242861
EN CORTS,12222,230,165,18.81852397316315,13.500245459008346
LA CARRASCA,3301,62,36,18.782187215995155,10.90578612541654
MAHUELLA-TAULADELLA,59,1,1,16.949152542372882,16.949152542372882
NATZARET,6413,92,71,14.345859971932013,11.071261500077966
MONTOLIVET,19845,284,220,14.310909549004787,11.085915847820608
AIORA,24902,349,274,14.014938559151876,11.003132278531846
MORVEDRE,10301,133,110,12.911367828366178,10.6785748956412
LA PUNTA,3441,41,29,11.915140947399012,8.427782621331009
CIUTAT DE LES ARTS I DE LES CIENCIES,9020,106,89,11.751662971175167,9.866962305986696
BETERO,7935,89,44,11.216131064902331,5.5450535601764335
CAMI FONDO,4589,51,29,11.113532359991284,6.319459577249945
ALBORS,9136,100,67,10.945709281961472,7.333625218914185
L'AMISTAT,7123,76,40,10.669661659413169,5.615611399691142
LES TENDETES,5410,52,31,9.611829944547136,5.730129390018484
BENIFERRI,1249,12,8,9.607686148919134,6.405124099279423
NA ROVELLA,7628,73,42,9.57000524383849,5.506030414263241
LA RAIOSA,15968,144,110,9.01803607214429,6.88877755511022
ARRANCAPINS,23354,209,148,8.949216408324057,6.337244155176843
LA CREU DEL GRAU,15120,133,94,8.796296296296298,6.216931216931217
CIUTAT JARDI,11922,100,51,8.387854386847843,4.2778057372924
L'ILLA PERDUDA,8453,64,32,7.571276469892346,3.785638234946173
LA PETXINA,15388,114,94,7.408370158565116,6.108656095658955
PENYA-ROJA,13706,96,76,7.004231723332847,5.545016780971838
LA VEGA BAIXA,5467,38,25,6.95079568319005,4.572891896835559
EL PLA DEL REMEI,7240,50,31,6.906077348066298,4.281767955801104
MESTALLA,14745,98,61,6.646320786707359,4.136995591726008
PINEDO,2640,17,16,6.4393939393939394,6.0606060606060606
TORMOS,8870,56,36,6.313416009019166,4.058624577226606
CAMI REAL,3960,25,11,6.313131313131313,2.7777777777777777
NOU MOLES,27351,165,93,6.032686190632884,3.400241307447625
LA GRAN VIA,12291,71,44,5.776584492718249,3.579855178585957
TRINITAT,8082,46,34,5.691660480079189,4.206879485275922
CIUTAT UNIVERSITARIA,2802,15,10,5.353319057815845,3.5688793718772303
SOTERNES,5095,26,19,5.103042198233562,3.7291462217860647
PATRAIX,24613,123,92,4.99735911916467,3.73786210539146
SANT ANTONI,9972,45,29,4.512635379061372,2.908142799839551
MARXALENES,11158,49,31,4.391468005018821,2.77827567664456
SANT MARCEL.LI,10330,41,17,3.969022265246854,1.6456921587608906
EXPOSICIO,6941,27,18,3.8899294049848723,2.5932862699899153
LA FONTETA S.LLUIS,3186,12,9,3.766478342749529,2.824858757062147
CAMPANAR,11633,42,31,3.610418636637153,2.664832803232184
L'HORT DE SENABRE,17225,56,17,3.251088534107402,0.9869375907111755
FAVARA,3709,12,5,3.2353734160150984,1.3480722566729577
ELS ORRIOLS,18056,58,29,3.212228622064688,1.606114311032344
BENIMACLET,23265,74,40,3.1807436062755214,1.7193208682570384
BENICALAP,43916,128,84,2.914655250933601,1.9127425084251752
CIUTAT FALLERA,6236,18,11,2.886465683130212,1.7639512508017958
BENIMAMET,14012,39,20,2.7833285755067085,1.4273479874393378
MALILLA,24924,68,45,2.728294013801958,1.805488685604237
SANT LLORENS,11414,31,22,2.7159628526371122,1.927457508323112
EL PALMAR,750,2,0,2.6666666666666665,0
TRES FORQUES,10164,27,11,2.656434474616293,1.0822510822510822
LA CREU COBERTA,6099,16,5,2.623380882111822,0.8198065256599443
TORREFIEL,27233,70,31,2.57041089854221,1.1383248264972643
JAUME ROIG,6532,16,12,2.449479485609308,1.837109614206981
SAFRANAR,10452,25,20,2.391886720244929,1.9135093761959434
LA FONTSANTA,3866,9,3,2.3279875840662183,0.7759958613554061
POBLE NOU,960,2,0,2.0833333333333335,0
EL CALVARI,5195,10,6,1.9249278152069298,1.1549566891241578
CARPESA,1220,2,2,1.639344262295082,1.639344262295082
SANT PAU,18679,30,24,1.606081696022271,1.2848653568178168
EL FORN D'ALCEDO,1368,2,2,1.461988304093567,1.461988304093567
BORBOTO,739,1,1,1.3531799729364007,1.3531799729364007
CAMI DE VERA,5276,7,4,1.326762699014405,0.7581501137225171
LA LLUM,4998,6,4,1.2004801920768307,0.8003201280512205
LA TORRE,4836,5,2,1.0339123242349049,0.41356492969396197
VARA DE QUART,10199,10,6,0.9804882831650162,0.5882929698990097
MASSARROJOS,2646,2,1,0.7558578987150416,0.3779289493575208
SANT ISIDRE,10444,7,2,0.6702412868632708,0.19149751053236308
CASTELLAR-L'OLIVERAL,6913,4,4,0.5786199913207002,0.5786199913207002
FAITANAR,2065,1,0,0.48426150121065376,0
RAFALELL-VISTABELLA,59,0,0,0,0
BENIFARAIG,1008,0,0,0,0
LES CASES DE BARCENA,377,0,0,0,0
